timestamp,sensor_id
2026-03-02 00:00:00,T101,70.810
2026-03-02 00:00:00,P101,6.236
2026-03-02 00:00:00,W101,317.244
2026-03-02 00:00:00,T102,66.675
2026-03-02 00:00:00,P102,619.574
2026-03-02 00:00:00,S102,2944.159
2026-03-02 00:05:00,T101,71.532
2026-03-02 00:05:00,P101,6.246
2026-03-02 00:05:00,W101,336.788
2026-03-02 00:05:00,T102,64.729
2026-03-02 00:05:00,P102,620.801
2026-03-02 00:05:00,S102,2960.294
2026-03-02 00:10:00,T101,71.904
2026-03-02 00:10:00,P101,6.187
2026-03-02 00:10:00,W101,341.931
2026-03-02 00:10:00,T102,64.263
2026-03-02 00:10:00,P102,603.944
2026-03-02 00:10:00,S102,2960.965
2026-03-02 00:15:00,T101,71.804
2026-03-02 00:15:00,P101,5.994
2026-03-02 00:15:00,W101,334.273
2026-03-02 00:15:00,T102,65.788
2026-03-02 00:15:00,P102,606.516
2026-03-02 00:15:00,S102,2947.025
2026-03-02 00:20:00,T101,72.963
2026-03-02 00:20:00,P101,6.474
2026-03-02 00:20:00,W101,331.442
2026-03-02 00:20:00,T102,66.618
2026-03-02 00:20:00,P102,591.550
2026-03-02 00:20:00,S102,2953.500
2026-03-02 00:25:00,T101,70.246
2026-03-02 00:25:00,P101,6.403
2026-03-02 00:25:00,W101,350.007
2026-03-02 00:25:00,T102,66.365
2026-03-02 00:25:00,P102,596.717
2026-03-02 00:25:00,S102,2963.691
2026-03-02 00:30:00,T101,71.221
2026-03-02 00:30:00,P101,6.131
2026-03-02 00:30:00,W101,346.078
2026-03-02 00:30:00,T102,66.052
2026-03-02 00:30:00,P102,613.066
2026-03-02 00:30:00,S102,2937.440
2026-03-02 00:35:00,T101,70.761
2026-03-02 00:35:00,P101,6.417
2026-03-02 00:35:00,W101,347.127
2026-03-02 00:35:00,T102,65.864
2026-03-02 00:35:00,P102,642.752
2026-03-02 00:35:00,S102,2933.683
2026-03-02 00:40:00,T101,75.839
2026-03-02 00:40:00,P101,6.673
