timestamp,sensor_id,reading,unit
2026-03-02 00:00:00,T101,70.810,degC
2026-03-02 00:00:00,P101,6.236,bar
2026-03-02 00:00:00,W101,317.244,kW
2026-03-02 00:00:00,T102,66.675,degC
2026-03-02 00:00:00,P102,619.574,kPa
2026-03-02 00:00:00,S102,2944.159,rpm
2026-03-02 00:05:00,T101,71.532,degC
2026-03-02 00:05:00,P101,6.246,bar
2026-03-02 00:05:00,W101,336.788,kW
2026-03-02 00:05:00,T102,64.729,degC
2026-03-02 00:05:00,P102,620.801,kPa
2026-03-02 00:05:00,S102,2960.294,rpm
2026-03-02 00:10:00,T101,71.904,degC
2026-03-02 00:10:00,P101,6.187,bar
2026-03-02 00:10:00,W101,341.931,kW
2026-03-02 00:10:00,T102,64.263,degC
2026-03-02 00:10:00,P102,603.944,kPa
2026-03-02 00:10:00,S102,2960.965,rpm
2026-03-02 00:15:00,T101,71.804,degC
2026-03-02 00:15:00,P101,5.994,bar
2026-03-02 00:15:00,W101,334.273,kW
2026-03-02 00:15:00,T102,65.788,degC
2026-03-02 00:15:00,P102,606.516,kPa
2026-03-02 00:15:00,S102,2947.025,rpm
2026-03-02 00:20:00,T101,72.963,degC
2026-03-02 00:20:00,P101,6.474,bar
2026-03-02 00:20:00,W101,331.442,kW
2026-03-02 00:20:00,T102,66.618,degC
2026-03-02 00:20:00,P102,591.550,kPa
2026-03-02 00:20:00,S102,2953.500,rpm
2026-03-02 00:25:00,T101,70.246,degC
2026-03-02 00:25:00,P101,6.403,bar
2026-03-02 00:25:00,W101,350.007,kW
2026-03-02 00:25:00,T102,66.365,degC
2026-03-02 00:25:00,P102,596.717,kPa
2026-03-02 00:25:00,S102,2963.691,rpm
2026-03-02 00:30:00,T101,71.221,degC
2026-03-02 00:30:00,P101,6.131,bar
2026-03-02 00:30:00,W101,346.078,kW
2026-03-02 00:30:00,T102,66.052,degC
2026-03-02 00:30:00,P102,613.066,kPa
2026-03-02 00:30:00,S102,2937.440,rpm
2026-03-02 00:35:00,T101,70.761,degC
2026-03-02 00:35:00,P101,6.417,bar
2026-03-02 00:35:00,W101,347.127,kW
2026-03-02 00:35:00,T102,65.864,degC
2026-03-02 00:35:00,P102,642.752,kPa
2026-03-02 00:35:00,S102,2933.683,rpm
2026-03-02 00:40:00,T101,75.839,degC
2026-03-02 00:40:00,P101,6.673,bar
2026-03-02 00:40:00,W101,359.421,kW
2026-03-02 00:40:00,T102,65.993,degC
2026-03-02 00:40:00,P102,600.043,kPa
2026-03-02 00:40:00,S102,2969.890,rpm
2026-03-02 00:45:00,T101,71.336,degC
2026-03-02 00:45:00,P101,6.197,bar
2026-03-02 00:45:00,W101,336.515,kW
2026-03-02 00:45:00,T102,65.341,degC
2026-03-02 00:45:00,P102,629.321,kPa
2026-03-02 00:45:00,S102,2938.888,rpm
2026-03-02 00:50:00,T101,70.522,degC
2026-03-02 00:50:00,P101,6.050,bar
2026-03-02 00:50:00,W101,328.381,kW
2026-03-02 00:50:00,T102,63.283,degC
2026-03-02 00:50:00,P102,596.306,kPa
2026-03-02 00:50:00,S102,2975.865,rpm
2026-03-02 00:55:00,T101,71.110,degC
2026-03-02 00:55:00,P101,6.239,bar
2026-03-02 00:55:00,W101,325.397,kW
2026-03-02 00:55:00,T102,65.204,degC
2026-03-02 00:55:00,P102,583.888,kPa
2026-03-02 00:55:00,S102,2936.025,rpm
2026-03-02 01:00:00,T101,75.382,degC
2026-03-02 01:00:00,P101,6.113,bar
2026-03-02 01:00:00,W101,353.440,kW
2026-03-02 01:00:00,T102,65.546,degC
2026-03-02 01:00:00,P102,607.705,kPa
2026-03-02 01:00:00,S102,2936.958,rpm
2026-03-02 01:05:00,T101,73.930,degC
2026-03-02 01:05:00,P101,6.173,bar
2026-03-02 01:05:00,W101,358.329,kW
2026-03-02 01:05:00,T102,64.137,degC
2026-03-02 01:05:00,P102,610.860,kPa
2026-03-02 01:05:00,S102,2959.310,rpm
2026-03-02 01:10:00,T101,72.560,degC
2026-03-02 01:10:00,P101,6.015,bar
2026-03-02 01:10:00,W101,332.031,kW
2026-03-02 01:10:00,T102,64.765,degC
2026-03-02 01:10:00,P102,597.195,kPa
2026-03-02 01:10:00,S102,2963.547,rpm
2026-03-02 01:15:00,T101,72.882,degC
2026-03-02 01:15:00,P101,5.906,bar
2026-03-02 01:15:00,W101,318.337,kW
2026-03-02 01:15:00,T102,63.462,degC
2026-03-02 01:15:00,P102,611.759,kPa
2026-03-02 01:15:00,S102,2990.663,rpm
2026-03-02 01:20:00,T101,71.426,degC
2026-03-02 01:20:00,P101,6.238,bar
2026-03-02 01:20:00,W101,327.243,kW
2026-03-02 01:20:00,T102,63.744,degC
2026-03-02 01:20:00,P102,580.642,kPa
2026-03-02 01:20:00,S102,2949.433,rpm
2026-03-02 01:25:00,T101,73.421,degC
2026-03-02 01:25:00,P101,6.146,bar
2026-03-02 01:25:00,W101,356.757,kW
2026-03-02 01:25:00,T102,65.237,degC
2026-03-02 01:25:00,P102,609.454,kPa
2026-03-02 01:25:00,S102,2960.345,rpm
2026-03-02 01:30:00,T101,72.731,degC
2026-03-02 01:30:00,P101,6.372,bar
2026-03-02 01:30:00,W101,330.377,kW
2026-03-02 01:30:00,T102,62.254,degC
2026-03-02 01:30:00,P102,611.721,kPa
2026-03-02 01:30:00,S102,2937.766,rpm
2026-03-02 01:35:00,T101,71.959,degC
2026-03-02 01:35:00,P101,6.450,bar
2026-03-02 01:35:00,W101,326.766,kW
2026-03-02 01:35:00,T102,65.918,degC
2026-03-02 01:35:00,P102,624.188,kPa
2026-03-02 01:35:00,S102,2959.215,rpm
2026-03-02 01:40:00,T101,73.678,degC
2026-03-02 01:40:00,P101,6.131,bar
2026-03-02 01:40:00,W101,331.822,kW
2026-03-02 01:40:00,T102,66.247,degC
2026-03-02 01:40:00,P102,620.805,kPa
2026-03-02 01:40:00,S102,2977.808,rpm
2026-03-02 01:45:00,T101,72.318,degC
2026-03-02 01:45:00,P101,6.444,bar
2026-03-02 01:45:00,W101,336.615,kW
2026-03-02 01:45:00,T102,63.728,degC
2026-03-02 01:45:00,P102,579.444,kPa
2026-03-02 01:45:00,S102,2927.972,rpm
2026-03-02 01:50:00,T101,73.228,degC
2026-03-02 01:50:00,P101,5.980,bar
2026-03-02 01:50:00,W101,334.572,kW
2026-03-02 01:50:00,T102,67.528,degC
2026-03-02 01:50:00,P102,622.702,kPa
2026-03-02 01:50:00,S102,2985.820,rpm
2026-03-02 01:55:00,T101,70.513,degC
2026-03-02 01:55:00,P101,5.831,bar
2026-03-02 01:55:00,W101,358.197,kW
2026-03-02 01:55:00,T102,63.300,degC
2026-03-02 01:55:00,P102,611.364,kPa
2026-03-02 01:55:00,S102,2954.342,rpm
2026-03-02 02:00:00,T101,70.577,degC
2026-03-02 02:00:00,P101,6.433,bar
2026-03-02 02:00:00,W101,358.592,kW
2026-03-02 02:00:00,T102,65.662,degC
2026-03-02 02:00:00,P102,609.558,kPa
2026-03-02 02:00:00,S102,2953.829,rpm
2026-03-02 02:05:00,T101,70.356,degC
2026-03-02 02:05:00,P101,6.164,bar
2026-03-02 02:05:00,W101,338.741,kW
2026-03-02 02:05:00,T102,63.977,degC
2026-03-02 02:05:00,P102,622.738,kPa
2026-03-02 02:05:00,S102,2921.470,rpm
2026-03-02 02:10:00,T101,71.320,degC
2026-03-02 02:10:00,P101,5.862,bar
2026-03-02 02:10:00,W101,345.962,kW
2026-03-02 02:10:00,T102,65.891,degC
2026-03-02 02:10:00,P102,619.319,kPa
2026-03-02 02:10:00,S102,3008.362,rpm
2026-03-02 02:15:00,T101,73.410,degC
2026-03-02 02:15:00,P101,6.059,bar
2026-03-02 02:15:00,W101,371.962,kW
2026-03-02 02:15:00,T102,63.896,degC
2026-03-02 02:15:00,P102,621.831,kPa
2026-03-02 02:15:00,S102,2964.863,rpm
2026-03-02 02:20:00,T101,70.680,degC
2026-03-02 02:20:00,P101,6.409,bar
2026-03-02 02:20:00,W101,344.255,kW
2026-03-02 02:20:00,T102,65.685,degC
2026-03-02 02:20:00,P102,599.864,kPa
2026-03-02 02:20:00,S102,2976.053,rpm
2026-03-02 02:25:00,T101,70.709,degC
2026-03-02 02:25:00,P101,5.933,bar
2026-03-02 02:25:00,W101,357.102,kW
2026-03-02 02:25:00,T102,64.488,degC
2026-03-02 02:25:00,P102,610.651,kPa
2026-03-02 02:25:00,S102,2988.455,rpm
2026-03-02 02:30:00,T101,73.705,degC
2026-03-02 02:30:00,P101,6.295,bar
2026-03-02 02:30:00,W101,352.839,kW
2026-03-02 02:30:00,T102,64.127,degC
2026-03-02 02:30:00,P102,621.296,kPa
2026-03-02 02:30:00,S102,2972.199,rpm
2026-03-02 02:35:00,T101,73.133,degC
2026-03-02 02:35:00,P101,6.169,bar
2026-03-02 02:35:00,W101,295.031,kW
2026-03-02 02:35:00,T102,65.669,degC
2026-03-02 02:35:00,P102,611.723,kPa
2026-03-02 02:35:00,S102,2942.609,rpm
2026-03-02 02:40:00,T101,73.167,degC
2026-03-02 02:40:00,P101,6.240,bar
2026-03-02 02:40:00,W101,342.447,kW
2026-03-02 02:40:00,T102,63.220,degC
2026-03-02 02:40:00,P102,588.110,kPa
2026-03-02 02:40:00,S102,2957.411,rpm
2026-03-02 02:45:00,T101,72.114,degC
2026-03-02 02:45:00,P101,6.221,bar
2026-03-02 02:45:00,W101,341.995,kW
2026-03-02 02:45:00,T102,65.494,degC
2026-03-02 02:45:00,P102,610.541,kPa
2026-03-02 02:45:00,S102,2953.155,rpm
2026-03-02 02:50:00,T101,72.384,degC
2026-03-02 02:50:00,P101,6.339,bar
2026-03-02 02:50:00,W101,333.824,kW
2026-03-02 02:50:00,T102,65.944,degC
2026-03-02 02:50:00,P102,619.546,kPa
2026-03-02 02:50:00,S102,2952.108,rpm
2026-03-02 02:55:00,T101,71.287,degC
2026-03-02 02:55:00,P101,6.255,bar
2026-03-02 02:55:00,W101,350.368,kW
2026-03-02 02:55:00,T102,63.710,degC
2026-03-02 02:55:00,P102,610.932,kPa
2026-03-02 02:55:00,S102,2951.295,rpm
2026-03-02 03:00:00,T101,71.008,degC
2026-03-02 03:00:00,P101,6.107,bar
2026-03-02 03:00:00,W101,321.386,kW
2026-03-02 03:00:00,T102,63.676,degC
2026-03-02 03:00:00,P102,586.938,kPa
2026-03-02 03:00:00,S102,2937.669,rpm
2026-03-02 03:05:00,T101,71.160,degC
2026-03-02 03:05:00,P101,6.119,bar
2026-03-02 03:05:00,W101,344.462,kW
2026-03-02 03:05:00,T102,64.775,degC
2026-03-02 03:05:00,P102,599.066,kPa
2026-03-02 03:05:00,S102,2935.562,rpm
2026-03-02 03:10:00,T101,70.303,degC
2026-03-02 03:10:00,P101,6.171,bar
2026-03-02 03:10:00,W101,337.431,kW
2026-03-02 03:10:00,T102,66.948,degC
2026-03-02 03:10:00,P102,633.012,kPa
2026-03-02 03:10:00,S102,2979.558,rpm
2026-03-02 03:15:00,T101,75.119,degC
2026-03-02 03:15:00,P101,6.017,bar
2026-03-02 03:15:00,W101,348.076,kW
2026-03-02 03:15:00,T102,65.913,degC
2026-03-02 03:15:00,P102,617.143,kPa
2026-03-02 03:15:00,S102,2992.533,rpm
2026-03-02 03:20:00,T101,75.807,degC
2026-03-02 03:20:00,P101,6.347,bar
2026-03-02 03:20:00,W101,347.838,kW
2026-03-02 03:20:00,T102,63.653,degC
2026-03-02 03:20:00,P102,593.195,kPa
2026-03-02 03:20:00,S102,2964.004,rpm
2026-03-02 03:25:00,T101,71.887,degC
2026-03-02 03:25:00,P101,6.000,bar
2026-03-02 03:25:00,W101,338.512,kW
2026-03-02 03:25:00,T102,65.432,degC
2026-03-02 03:25:00,P102,624.039,kPa
2026-03-02 03:25:00,S102,2947.846,rpm
2026-03-02 03:30:00,T101,71.596,degC
2026-03-02 03:30:00,P101,6.201,bar
2026-03-02 03:30:00,W101,342.076,kW
2026-03-02 03:30:00,T102,63.604,degC
2026-03-02 03:30:00,P102,622.500,kPa
2026-03-02 03:30:00,S102,2993.807,rpm
2026-03-02 03:35:00,T101,73.221,degC
2026-03-02 03:35:00,P101,5.983,bar
2026-03-02 03:35:00,W101,341.134,kW
2026-03-02 03:35:00,T102,62.881,degC
2026-03-02 03:35:00,P102,582.562,kPa
2026-03-02 03:35:00,S102,2963.185,rpm
2026-03-02 03:40:00,T101,72.116,degC
2026-03-02 03:40:00,P101,6.097,bar
2026-03-02 03:40:00,W101,314.951,kW
2026-03-02 03:40:00,T102,63.477,degC
2026-03-02 03:40:00,P102,612.433,kPa
2026-03-02 03:40:00,S102,2950.638,rpm
2026-03-02 03:45:00,T101,73.035,degC
2026-03-02 03:45:00,P101,6.429,bar
2026-03-02 03:45:00,W101,335.929,kW
2026-03-02 03:45:00,T102,65.563,degC
2026-03-02 03:45:00,P102,607.933,kPa
2026-03-02 03:45:00,S102,2940.069,rpm
2026-03-02 03:50:00,T101,71.633,degC
2026-03-02 03:50:00,P101,6.344,bar
2026-03-02 03:50:00,W101,327.659,kW
2026-03-02 03:50:00,T102,66.369,degC
2026-03-02 03:50:00,P102,632.159,kPa
2026-03-02 03:50:00,S102,2950.715,rpm
2026-03-02 03:55:00,T101,72.382,degC
2026-03-02 03:55:00,P101,5.988,bar
2026-03-02 03:55:00,W101,368.326,kW
2026-03-02 03:55:00,T102,66.175,degC
2026-03-02 03:55:00,P102,612.584,kPa
2026-03-02 03:55:00,S102,2951.149,rpm
2026-03-02 04:00:00,T101,72.676,degC
2026-03-02 04:00:00,P101,6.102,bar
2026-03-02 04:00:00,W101,343.399,kW
2026-03-02 04:00:00,T102,63.892,degC
2026-03-02 04:00:00,P102,617.460,kPa
2026-03-02 04:00:00,S102,2936.436,rpm
2026-03-02 04:05:00,T101,73.343,degC
2026-03-02 04:05:00,P101,6.182,bar
2026-03-02 04:05:00,W101,343.225,kW
2026-03-02 04:05:00,T102,68.553,degC
2026-03-02 04:05:00,P102,622.063,kPa
2026-03-02 04:05:00,S102,2955.356,rpm
2026-03-02 04:10:00,T101,72.067,degC
2026-03-02 04:10:00,P101,6.044,bar
2026-03-02 04:10:00,W101,353.011,kW
2026-03-02 04:10:00,T102,66.923,degC
2026-03-02 04:10:00,P102,610.965,kPa
2026-03-02 04:10:00,S102,2983.535,rpm
2026-03-02 04:15:00,T101,71.832,degC
2026-03-02 04:15:00,P101,5.934,bar
2026-03-02 04:15:00,W101,332.161,kW
2026-03-02 04:15:00,T102,63.732,degC
2026-03-02 04:15:00,P102,605.882,kPa
2026-03-02 04:15:00,S102,2962.540,rpm
2026-03-02 04:20:00,T101,70.607,degC
2026-03-02 04:20:00,P101,6.188,bar
2026-03-02 04:20:00,W101,342.392,kW
2026-03-02 04:20:00,T102,64.120,degC
2026-03-02 04:20:00,P102,596.360,kPa
2026-03-02 04:20:00,S102,2951.744,rpm
2026-03-02 04:25:00,T101,73.309,degC
2026-03-02 04:25:00,P101,6.110,bar
2026-03-02 04:25:00,W101,330.983,kW
2026-03-02 04:25:00,T102,64.830,degC
2026-03-02 04:25:00,P102,614.349,kPa
2026-03-02 04:25:00,S102,2939.140,rpm
2026-03-02 04:30:00,T101,71.499,degC
2026-03-02 04:30:00,P101,6.165,bar
2026-03-02 04:30:00,W101,326.971,kW
2026-03-02 04:30:00,T102,64.787,degC
2026-03-02 04:30:00,P102,601.599,kPa
2026-03-02 04:30:00,S102,2981.668,rpm
2026-03-02 04:35:00,T101,71.224,degC
2026-03-02 04:35:00,P101,6.269,bar
2026-03-02 04:35:00,W101,344.554,kW
2026-03-02 04:35:00,T102,63.658,degC
2026-03-02 04:35:00,P102,591.266,kPa
2026-03-02 04:35:00,S102,2941.090,rpm
2026-03-02 04:40:00,T101,72.994,degC
2026-03-02 04:40:00,P101,6.114,bar
2026-03-02 04:40:00,W101,332.126,kW
2026-03-02 04:40:00,T102,61.520,degC
2026-03-02 04:40:00,P102,604.047,kPa
2026-03-02 04:40:00,S102,2956.250,rpm
2026-03-02 04:45:00,T101,72.667,degC
2026-03-02 04:45:00,P101,6.264,bar
2026-03-02 04:45:00,W101,336.066,kW
2026-03-02 04:45:00,T102,64.727,degC
2026-03-02 04:45:00,P102,622.484,kPa
2026-03-02 04:45:00,S102,2947.286,rpm
2026-03-02 04:50:00,T101,68.545,degC
2026-03-02 04:50:00,P101,6.353,bar
2026-03-02 04:50:00,W101,327.068,kW
2026-03-02 04:50:00,T102,66.650,degC
2026-03-02 04:50:00,P102,635.412,kPa
2026-03-02 04:50:00,S102,2965.249,rpm
2026-03-02 04:55:00,T101,73.356,degC
2026-03-02 04:55:00,P101,6.479,bar
2026-03-02 04:55:00,W101,326.775,kW
2026-03-02 04:55:00,T102,65.305,degC
2026-03-02 04:55:00,P102,613.586,kPa
2026-03-02 04:55:00,S102,2930.658,rpm
2026-03-02 05:00:00,T101,75.018,degC
2026-03-02 05:00:00,P101,6.113,bar
2026-03-02 05:00:00,W101,331.225,kW
2026-03-02 05:00:00,T102,65.321,degC
2026-03-02 05:00:00,P102,625.467,kPa
2026-03-02 05:00:00,S102,2937.979,rpm
2026-03-02 05:05:00,T101,71.101,degC
2026-03-02 05:05:00,P101,6.276,bar
2026-03-02 05:05:00,W101,322.893,kW
2026-03-02 05:05:00,T102,64.073,degC
2026-03-02 05:05:00,P102,597.426,kPa
2026-03-02 05:05:00,S102,2941.313,rpm
2026-03-02 05:10:00,T101,71.787,degC
2026-03-02 05:10:00,P101,6.477,bar
2026-03-02 05:10:00,W101,350.888,kW
2026-03-02 05:10:00,T102,65.027,degC
2026-03-02 05:10:00,P102,606.629,kPa
2026-03-02 05:10:00,S102,2967.487,rpm
2026-03-02 05:15:00,T101,72.643,degC
2026-03-02 05:15:00,P101,6.334,bar
2026-03-02 05:15:00,W101,356.572,kW
2026-03-02 05:15:00,T102,63.790,degC
2026-03-02 05:15:00,P102,576.207,kPa
2026-03-02 05:15:00,S102,2949.564,rpm
2026-03-02 05:20:00,T101,72.119,degC
2026-03-02 05:20:00,P101,6.243,bar
2026-03-02 05:20:00,W101,332.814,kW
2026-03-02 05:20:00,T102,64.721,degC
2026-03-02 05:20:00,P102,618.381,kPa
2026-03-02 05:20:00,S102,2962.251,rpm
2026-03-02 05:25:00,T101,73.996,degC
2026-03-02 05:25:00,P101,5.875,bar
2026-03-02 05:25:00,W101,320.216,kW
2026-03-02 05:25:00,T102,66.754,degC
2026-03-02 05:25:00,P102,619.123,kPa
2026-03-02 05:25:00,S102,2965.869,rpm
2026-03-02 05:30:00,T101,71.573,degC
2026-03-02 05:30:00,P101,6.129,bar
2026-03-02 05:30:00,W101,342.398,kW
2026-03-02 05:30:00,T102,63.872,degC
2026-03-02 05:30:00,P102,587.048,kPa
2026-03-02 05:30:00,S102,2927.789,rpm
2026-03-02 05:35:00,T101,72.175,degC
2026-03-02 05:35:00,P101,6.296,bar
2026-03-02 05:35:00,W101,359.815,kW
2026-03-02 05:35:00,T102,65.446,degC
2026-03-02 05:35:00,P102,617.088,kPa
2026-03-02 05:35:00,S102,2983.763,rpm
2026-03-02 05:40:00,T101,70.835,degC
2026-03-02 05:40:00,P101,6.056,bar
2026-03-02 05:40:00,W101,333.545,kW
2026-03-02 05:40:00,T102,64.885,degC
2026-03-02 05:40:00,P102,640.349,kPa
2026-03-02 05:40:00,S102,2943.023,rpm
2026-03-02 05:45:00,T101,73.961,degC
2026-03-02 05:45:00,P101,6.129,bar
2026-03-02 05:45:00,W101,345.897,kW
2026-03-02 05:45:00,T102,65.818,degC
2026-03-02 05:45:00,P102,617.994,kPa
2026-03-02 05:45:00,S102,2965.021,rpm
2026-03-02 05:50:00,T101,70.966,degC
2026-03-02 05:50:00,P101,6.418,bar
2026-03-02 05:50:00,W101,351.772,kW
2026-03-02 05:50:00,T102,64.158,degC
2026-03-02 05:50:00,P102,617.586,kPa
2026-03-02 05:50:00,S102,2928.537,rpm
2026-03-02 05:55:00,T101,72.142,degC
2026-03-02 05:55:00,P101,6.024,bar
2026-03-02 05:55:00,W101,348.620,kW
2026-03-02 05:55:00,T102,68.557,degC
2026-03-02 05:55:00,P102,632.063,kPa
2026-03-02 05:55:00,S102,2964.616,rpm
2026-03-02 06:00:00,T101,70.646,degC
2026-03-02 06:00:00,P101,6.257,bar
2026-03-02 06:00:00,W101,354.215,kW
2026-03-02 06:00:00,T102,64.894,degC
2026-03-02 06:00:00,P102,611.939,kPa
2026-03-02 06:00:00,S102,2916.113,rpm
2026-03-02 06:05:00,T101,70.717,degC
2026-03-02 06:05:00,P101,5.923,bar
2026-03-02 06:05:00,W101,362.974,kW
2026-03-02 06:05:00,T102,65.567,degC
2026-03-02 06:05:00,P102,620.870,kPa
2026-03-02 06:05:00,S102,2945.946,rpm
2026-03-02 06:10:00,T101,69.809,degC
2026-03-02 06:10:00,P101,6.226,bar
2026-03-02 06:10:00,W101,332.362,kW
2026-03-02 06:10:00,T102,63.836,degC
2026-03-02 06:10:00,P102,610.831,kPa
2026-03-02 06:10:00,S102,2952.196,rpm
2026-03-02 06:15:00,T101,71.729,degC
2026-03-02 06:15:00,P101,6.084,bar
2026-03-02 06:15:00,W101,328.170,kW
2026-03-02 06:15:00,T102,65.008,degC
2026-03-02 06:15:00,P102,628.337,kPa
2026-03-02 06:15:00,S102,2917.914,rpm
2026-03-02 06:20:00,T101,71.014,degC
2026-03-02 06:20:00,P101,6.176,bar
2026-03-02 06:20:00,W101,338.095,kW
2026-03-02 06:20:00,T102,64.289,degC
2026-03-02 06:20:00,P102,638.928,kPa
2026-03-02 06:20:00,S102,2957.996,rpm
2026-03-02 06:25:00,T101,70.522,degC
2026-03-02 06:25:00,P101,5.918,bar
2026-03-02 06:25:00,W101,337.934,kW
2026-03-02 06:25:00,T102,66.775,degC
2026-03-02 06:25:00,P102,612.892,kPa
2026-03-02 06:25:00,S102,2903.680,rpm
2026-03-02 06:30:00,T101,69.935,degC
2026-03-02 06:30:00,P101,6.218,bar
2026-03-02 06:30:00,W101,352.811,kW
2026-03-02 06:30:00,T102,65.169,degC
2026-03-02 06:30:00,P102,612.239,kPa
2026-03-02 06:30:00,S102,2971.460,rpm
2026-03-02 06:35:00,T101,73.884,degC
2026-03-02 06:35:00,P101,6.099,bar
2026-03-02 06:35:00,W101,345.257,kW
2026-03-02 06:35:00,T102,63.851,degC
2026-03-02 06:35:00,P102,593.851,kPa
2026-03-02 06:35:00,S102,2961.767,rpm
2026-03-02 06:40:00,T101,69.865,degC
2026-03-02 06:40:00,P101,6.225,bar
2026-03-02 06:40:00,W101,343.770,kW
2026-03-02 06:40:00,T102,66.034,degC
2026-03-02 06:40:00,P102,592.744,kPa
2026-03-02 06:40:00,S102,2957.616,rpm
2026-03-02 06:45:00,T101,71.812,degC
2026-03-02 06:45:00,P101,6.423,bar
2026-03-02 06:45:00,W101,331.087,kW
2026-03-02 06:45:00,T102,63.668,degC
2026-03-02 06:45:00,P102,617.503,kPa
2026-03-02 06:45:00,S102,2932.884,rpm
2026-03-02 06:50:00,T101,70.059,degC
2026-03-02 06:50:00,P101,6.337,bar
2026-03-02 06:50:00,W101,345.165,kW
2026-03-02 06:50:00,T102,61.266,degC
2026-03-02 06:50:00,P102,596.185,kPa
2026-03-02 06:50:00,S102,2927.839,rpm
2026-03-02 06:55:00,T101,72.967,degC
2026-03-02 06:55:00,P101,6.421,bar
2026-03-02 06:55:00,W101,364.697,kW
2026-03-02 06:55:00,T102,65.847,degC
2026-03-02 06:55:00,P102,593.560,kPa
2026-03-02 06:55:00,S102,2927.375,rpm
2026-03-02 07:00:00,T101,70.571,degC
2026-03-02 07:00:00,P101,6.273,bar
2026-03-02 07:00:00,W101,355.185,kW
2026-03-02 07:00:00,T102,62.699,degC
2026-03-02 07:00:00,P102,619.139,kPa
2026-03-02 07:00:00,S102,2968.557,rpm
2026-03-02 07:05:00,T101,72.474,degC
2026-03-02 07:05:00,P101,6.685,bar
2026-03-02 07:05:00,W101,346.423,kW
2026-03-02 07:05:00,T102,65.039,degC
2026-03-02 07:05:00,P102,619.158,kPa
2026-03-02 07:05:00,S102,2939.116,rpm
2026-03-02 07:10:00,T101,70.351,degC
2026-03-02 07:10:00,P101,6.263,bar
2026-03-02 07:10:00,W101,353.844,kW
2026-03-02 07:10:00,T102,64.718,degC
2026-03-02 07:10:00,P102,623.886,kPa
2026-03-02 07:10:00,S102,2942.485,rpm
2026-03-02 07:15:00,T101,74.447,degC
2026-03-02 07:15:00,P101,6.232,bar
2026-03-02 07:15:00,W101,346.412,kW
2026-03-02 07:15:00,T102,65.919,degC
2026-03-02 07:15:00,P102,589.719,kPa
2026-03-02 07:15:00,S102,2946.357,rpm
2026-03-02 07:20:00,T101,74.761,degC
2026-03-02 07:20:00,P101,6.205,bar
2026-03-02 07:20:00,W101,356.831,kW
2026-03-02 07:20:00,T102,66.061,degC
2026-03-02 07:20:00,P102,582.584,kPa
2026-03-02 07:20:00,S102,2964.147,rpm
2026-03-02 07:25:00,T101,70.368,degC
2026-03-02 07:25:00,P101,6.239,bar
2026-03-02 07:25:00,W101,335.013,kW
2026-03-02 07:25:00,T102,65.026,degC
2026-03-02 07:25:00,P102,608.937,kPa
2026-03-02 07:25:00,S102,2954.853,rpm
2026-03-02 07:30:00,T101,71.328,degC
2026-03-02 07:30:00,P101,5.997,bar
2026-03-02 07:30:00,W101,327.881,kW
2026-03-02 07:30:00,T102,66.099,degC
2026-03-02 07:30:00,P102,635.867,kPa
2026-03-02 07:30:00,S102,2954.651,rpm
2026-03-02 07:35:00,T101,73.263,degC
2026-03-02 07:35:00,P101,6.347,bar
2026-03-02 07:35:00,W101,323.610,kW
2026-03-02 07:35:00,T102,62.753,degC
2026-03-02 07:35:00,P102,609.231,kPa
2026-03-02 07:35:00,S102,2912.154,rpm
2026-03-02 07:40:00,T101,71.591,degC
2026-03-02 07:40:00,P101,5.978,bar
2026-03-02 07:40:00,W101,332.512,kW
2026-03-02 07:40:00,T102,64.099,degC
2026-03-02 07:40:00,P102,617.800,kPa
2026-03-02 07:40:00,S102,2937.055,rpm
2026-03-02 07:45:00,T101,70.278,degC
2026-03-02 07:45:00,P101,6.207,bar
2026-03-02 07:45:00,W101,375.606,kW
2026-03-02 07:45:00,T102,65.591,degC
2026-03-02 07:45:00,P102,580.826,kPa
2026-03-02 07:45:00,S102,2951.826,rpm
2026-03-02 07:50:00,T101,75.857,degC
2026-03-02 07:50:00,P101,6.225,bar
2026-03-02 07:50:00,W101,355.368,kW
2026-03-02 07:50:00,T102,66.332,degC
2026-03-02 07:50:00,P102,627.826,kPa
2026-03-02 07:50:00,S102,2971.016,rpm
2026-03-02 07:55:00,T101,72.424,degC
2026-03-02 07:55:00,P101,6.172,bar
2026-03-02 07:55:00,W101,336.657,kW
2026-03-02 07:55:00,T102,65.144,degC
2026-03-02 07:55:00,P102,616.406,kPa
2026-03-02 07:55:00,S102,2924.487,rpm
2026-03-02 08:00:00,T101,71.579,degC
2026-03-02 08:00:00,P101,6.194,bar
2026-03-02 08:00:00,W101,341.294,kW
2026-03-02 08:00:00,T102,64.628,degC
2026-03-02 08:00:00,P102,622.096,kPa
2026-03-02 08:00:00,S102,2947.920,rpm
2026-03-02 08:05:00,T101,71.437,degC
2026-03-02 08:05:00,P101,6.014,bar
2026-03-02 08:05:00,W101,330.671,kW
2026-03-02 08:05:00,T102,65.276,degC
2026-03-02 08:05:00,P102,611.788,kPa
2026-03-02 08:05:00,S102,2909.226,rpm
2026-03-02 08:10:00,T101,73.386,degC
2026-03-02 08:10:00,P101,6.095,bar
2026-03-02 08:10:00,W101,329.177,kW
2026-03-02 08:10:00,T102,66.338,degC
2026-03-02 08:10:00,P102,627.450,kPa
2026-03-02 08:10:00,S102,2935.772,rpm
2026-03-02 08:15:00,T101,71.467,degC
2026-03-02 08:15:00,P101,6.016,bar
2026-03-02 08:15:00,W101,349.771,kW
2026-03-02 08:15:00,T102,66.086,degC
2026-03-02 08:15:00,P102,603.418,kPa
2026-03-02 08:15:00,S102,2977.834,rpm
2026-03-02 08:20:00,T101,73.378,degC
2026-03-02 08:20:00,P101,6.181,bar
2026-03-02 08:20:00,W101,348.659,kW
2026-03-02 08:20:00,T102,63.014,degC
2026-03-02 08:20:00,P102,606.058,kPa
2026-03-02 08:20:00,S102,2955.033,rpm
2026-03-02 08:25:00,T101,71.984,degC
2026-03-02 08:25:00,P101,6.507,bar
2026-03-02 08:25:00,W101,343.726,kW
2026-03-02 08:25:00,T102,65.440,degC
2026-03-02 08:25:00,P102,590.080,kPa
2026-03-02 08:25:00,S102,2946.250,rpm
2026-03-02 08:30:00,T101,70.825,degC
2026-03-02 08:30:00,P101,6.552,bar
2026-03-02 08:30:00,W101,335.012,kW
2026-03-02 08:30:00,T102,65.143,degC
2026-03-02 08:30:00,P102,628.237,kPa
2026-03-02 08:30:00,S102,2963.133,rpm
2026-03-02 08:35:00,T101,69.883,degC
2026-03-02 08:35:00,P101,6.296,bar
2026-03-02 08:35:00,W101,348.524,kW
2026-03-02 08:35:00,T102,64.782,degC
2026-03-02 08:35:00,P102,616.964,kPa
2026-03-02 08:35:00,S102,2952.095,rpm
2026-03-02 08:40:00,T101,69.922,degC
2026-03-02 08:40:00,P101,6.115,bar
2026-03-02 08:40:00,W101,340.249,kW
2026-03-02 08:40:00,T102,64.296,degC
2026-03-02 08:40:00,P102,618.086,kPa
2026-03-02 08:40:00,S102,2970.039,rpm
2026-03-02 08:45:00,T101,72.410,degC
2026-03-02 08:45:00,P101,6.144,bar
2026-03-02 08:45:00,W101,356.354,kW
2026-03-02 08:45:00,T102,65.165,degC
2026-03-02 08:45:00,P102,615.303,kPa
2026-03-02 08:45:00,S102,2934.731,rpm
2026-03-02 08:50:00,T101,71.674,degC
2026-03-02 08:50:00,P101,6.350,bar
2026-03-02 08:50:00,W101,348.925,kW
2026-03-02 08:50:00,T102,64.776,degC
2026-03-02 08:50:00,P102,610.124,kPa
2026-03-02 08:50:00,S102,2953.979,rpm
2026-03-02 08:55:00,T101,70.588,degC
2026-03-02 08:55:00,P101,6.172,bar
2026-03-02 08:55:00,W101,333.861,kW
2026-03-02 08:55:00,T102,63.337,degC
2026-03-02 08:55:00,P102,612.283,kPa
2026-03-02 08:55:00,S102,2947.124,rpm
2026-03-02 09:00:00,T101,69.804,degC
2026-03-02 09:00:00,P101,6.081,bar
2026-03-02 09:00:00,W101,338.955,kW
2026-03-02 09:00:00,T102,61.531,degC
2026-03-02 09:00:00,P102,612.760,kPa
2026-03-02 09:00:00,S102,2955.334,rpm
2026-03-02 09:05:00,T101,72.973,degC
2026-03-02 09:05:00,P101,6.111,bar
2026-03-02 09:05:00,W101,322.927,kW
2026-03-02 09:05:00,T102,65.754,degC
2026-03-02 09:05:00,P102,589.375,kPa
2026-03-02 09:05:00,S102,2960.819,rpm
2026-03-02 09:10:00,T101,70.986,degC
2026-03-02 09:10:00,P101,6.048,bar
2026-03-02 09:10:00,W101,343.532,kW
2026-03-02 09:10:00,T102,66.347,degC
2026-03-02 09:10:00,P102,607.646,kPa
2026-03-02 09:10:00,S102,2945.085,rpm
2026-03-02 09:15:00,T101,69.467,degC
2026-03-02 09:15:00,P101,6.325,bar
2026-03-02 09:15:00,W101,340.874,kW
2026-03-02 09:15:00,T102,64.674,degC
2026-03-02 09:15:00,P102,629.626,kPa
2026-03-02 09:15:00,S102,2918.651,rpm
2026-03-02 09:20:00,T101,71.243,degC
2026-03-02 09:20:00,P101,6.201,bar
2026-03-02 09:20:00,W101,336.453,kW
2026-03-02 09:20:00,T102,62.076,degC
2026-03-02 09:20:00,P102,615.240,kPa
2026-03-02 09:20:00,S102,2949.390,rpm
2026-03-02 09:25:00,T101,73.516,degC
2026-03-02 09:25:00,P101,6.506,bar
2026-03-02 09:25:00,W101,337.745,kW
2026-03-02 09:25:00,T102,65.461,degC
2026-03-02 09:25:00,P102,613.796,kPa
2026-03-02 09:25:00,S102,2953.396,rpm
2026-03-02 09:30:00,T101,71.793,degC
2026-03-02 09:30:00,P101,6.258,bar
2026-03-02 09:30:00,W101,353.538,kW
2026-03-02 09:30:00,T102,63.981,degC
2026-03-02 09:30:00,P102,638.514,kPa
2026-03-02 09:30:00,S102,2960.126,rpm
2026-03-02 09:35:00,T101,72.454,degC
2026-03-02 09:35:00,P101,5.863,bar
2026-03-02 09:35:00,W101,339.872,kW
2026-03-02 09:35:00,T102,63.829,degC
2026-03-02 09:35:00,P102,618.616,kPa
2026-03-02 09:35:00,S102,2969.111,rpm
2026-03-02 09:40:00,T101,73.725,degC
2026-03-02 09:40:00,P101,6.175,bar
2026-03-02 09:40:00,W101,339.105,kW
2026-03-02 09:40:00,T102,65.525,degC
2026-03-02 09:40:00,P102,578.529,kPa
2026-03-02 09:40:00,S102,2941.325,rpm
2026-03-02 09:45:00,T101,71.186,degC
2026-03-02 09:45:00,P101,6.278,bar
2026-03-02 09:45:00,W101,334.511,kW
2026-03-02 09:45:00,T102,65.893,degC
2026-03-02 09:45:00,P102,607.107,kPa
2026-03-02 09:45:00,S102,2967.106,rpm
2026-03-02 09:50:00,T101,75.328,degC
2026-03-02 09:50:00,P101,6.434,bar
2026-03-02 09:50:00,W101,351.365,kW
2026-03-02 09:50:00,T102,66.374,degC
2026-03-02 09:50:00,P102,604.511,kPa
2026-03-02 09:50:00,S102,2934.587,rpm
2026-03-02 09:55:00,T101,70.731,degC
2026-03-02 09:55:00,P101,6.229,bar
2026-03-02 09:55:00,W101,357.681,kW
2026-03-02 09:55:00,T102,64.125,degC
2026-03-02 09:55:00,P102,617.030,kPa
2026-03-02 09:55:00,S102,2925.056,rpm
2026-03-02 10:00:00,T101,70.175,degC
2026-03-02 10:00:00,P101,6.329,bar
2026-03-02 10:00:00,W101,331.759,kW
2026-03-02 10:00:00,T102,64.141,degC
2026-03-02 10:00:00,P102,639.632,kPa
2026-03-02 10:00:00,S102,2951.379,rpm
2026-03-02 10:05:00,T101,71.933,degC
2026-03-02 10:05:00,P101,6.166,bar
2026-03-02 10:05:00,W101,344.984,kW
2026-03-02 10:05:00,T102,64.151,degC
2026-03-02 10:05:00,P102,610.860,kPa
2026-03-02 10:05:00,S102,2971.734,rpm
2026-03-02 10:10:00,T101,71.519,degC
2026-03-02 10:10:00,P101,5.843,bar
2026-03-02 10:10:00,W101,332.141,kW
2026-03-02 10:10:00,T102,65.922,degC
2026-03-02 10:10:00,P102,626.813,kPa
2026-03-02 10:10:00,S102,2957.271,rpm
2026-03-02 10:15:00,T101,74.141,degC
2026-03-02 10:15:00,P101,6.044,bar
2026-03-02 10:15:00,W101,355.346,kW
2026-03-02 10:15:00,T102,65.252,degC
2026-03-02 10:15:00,P102,620.140,kPa
2026-03-02 10:15:00,S102,2892.792,rpm
2026-03-02 10:20:00,T101,73.339,degC
2026-03-02 10:20:00,P101,6.235,bar
2026-03-02 10:20:00,W101,362.900,kW
2026-03-02 10:20:00,T102,65.226,degC
2026-03-02 10:20:00,P102,595.400,kPa
2026-03-02 10:20:00,S102,2933.935,rpm
2026-03-02 10:25:00,T101,72.608,degC
2026-03-02 10:25:00,P101,6.246,bar
2026-03-02 10:25:00,W101,332.390,kW
2026-03-02 10:25:00,T102,63.718,degC
2026-03-02 10:25:00,P102,632.740,kPa
2026-03-02 10:25:00,S102,2945.227,rpm
2026-03-02 10:30:00,T101,71.897,degC
2026-03-02 10:30:00,P101,6.120,bar
2026-03-02 10:30:00,W101,356.780,kW
2026-03-02 10:30:00,T102,66.339,degC
2026-03-02 10:30:00,P102,594.675,kPa
2026-03-02 10:30:00,S102,2948.468,rpm
2026-03-02 10:35:00,T101,70.617,degC
2026-03-02 10:35:00,P101,6.478,bar
2026-03-02 10:35:00,W101,345.319,kW
2026-03-02 10:35:00,T102,64.664,degC
2026-03-02 10:35:00,P102,604.938,kPa
2026-03-02 10:35:00,S102,2960.883,rpm
2026-03-02 10:40:00,T101,71.631,degC
2026-03-02 10:40:00,P101,6.431,bar
2026-03-02 10:40:00,W101,328.886,kW
2026-03-02 10:40:00,T102,63.518,degC
2026-03-02 10:40:00,P102,631.157,kPa
2026-03-02 10:40:00,S102,2941.486,rpm
2026-03-02 10:45:00,T101,74.130,degC
2026-03-02 10:45:00,P101,6.332,bar
2026-03-02 10:45:00,W101,323.703,kW
2026-03-02 10:45:00,T102,64.269,degC
2026-03-02 10:45:00,P102,610.740,kPa
2026-03-02 10:45:00,S102,2945.591,rpm
2026-03-02 10:50:00,T101,72.454,degC
2026-03-02 10:50:00,P101,6.108,bar
2026-03-02 10:50:00,W101,338.981,kW
2026-03-02 10:50:00,T102,66.202,degC
2026-03-02 10:50:00,P102,629.994,kPa
2026-03-02 10:50:00,S102,2934.199,rpm
2026-03-02 10:55:00,T101,71.652,degC
2026-03-02 10:55:00,P101,6.181,bar
2026-03-02 10:55:00,W101,323.802,kW
2026-03-02 10:55:00,T102,66.126,degC
2026-03-02 10:55:00,P102,618.471,kPa
2026-03-02 10:55:00,S102,2960.428,rpm
2026-03-02 11:00:00,T101,71.835,degC
2026-03-02 11:00:00,P101,6.331,bar
2026-03-02 11:00:00,W101,351.561,kW
2026-03-02 11:00:00,T102,66.392,degC
2026-03-02 11:00:00,P102,607.449,kPa
2026-03-02 11:00:00,S102,2956.987,rpm
2026-03-02 11:05:00,T101,71.417,degC
2026-03-02 11:05:00,P101,6.152,bar
2026-03-02 11:05:00,W101,351.778,kW
2026-03-02 11:05:00,T102,65.064,degC
2026-03-02 11:05:00,P102,607.695,kPa
2026-03-02 11:05:00,S102,2962.064,rpm
2026-03-02 11:10:00,T101,72.998,degC
2026-03-02 11:10:00,P101,6.087,bar
2026-03-02 11:10:00,W101,332.228,kW
2026-03-02 11:10:00,T102,65.855,degC
2026-03-02 11:10:00,P102,617.891,kPa
2026-03-02 11:10:00,S102,2945.808,rpm
2026-03-02 11:15:00,T101,73.794,degC
2026-03-02 11:15:00,P101,6.185,bar
2026-03-02 11:15:00,W101,316.824,kW
2026-03-02 11:15:00,T102,64.045,degC
2026-03-02 11:15:00,P102,587.879,kPa
2026-03-02 11:15:00,S102,2972.912,rpm
2026-03-02 11:20:00,T101,72.758,degC
2026-03-02 11:20:00,P101,6.218,bar
2026-03-02 11:20:00,W101,312.189,kW
2026-03-02 11:20:00,T102,63.227,degC
2026-03-02 11:20:00,P102,607.739,kPa
2026-03-02 11:20:00,S102,2914.396,rpm
2026-03-02 11:25:00,T101,73.413,degC
2026-03-02 11:25:00,P101,6.185,bar
2026-03-02 11:25:00,W101,338.283,kW
2026-03-02 11:25:00,T102,64.924,degC
2026-03-02 11:25:00,P102,595.748,kPa
2026-03-02 11:25:00,S102,2929.137,rpm
2026-03-02 11:30:00,T101,69.152,degC
2026-03-02 11:30:00,P101,6.204,bar
2026-03-02 11:30:00,W101,344.875,kW
2026-03-02 11:30:00,T102,64.715,degC
2026-03-02 11:30:00,P102,605.762,kPa
2026-03-02 11:30:00,S102,2931.198,rpm
2026-03-02 11:35:00,T101,72.376,degC
2026-03-02 11:35:00,P101,5.832,bar
2026-03-02 11:35:00,W101,326.747,kW
2026-03-02 11:35:00,T102,64.210,degC
2026-03-02 11:35:00,P102,602.373,kPa
2026-03-02 11:35:00,S102,2954.358,rpm
2026-03-02 11:40:00,T101,71.711,degC
2026-03-02 11:40:00,P101,6.223,bar
2026-03-02 11:40:00,W101,354.949,kW
2026-03-02 11:40:00,T102,66.647,degC
2026-03-02 11:40:00,P102,619.714,kPa
2026-03-02 11:40:00,S102,2974.972,rpm
2026-03-02 11:45:00,T101,74.594,degC
2026-03-02 11:45:00,P101,6.256,bar
2026-03-02 11:45:00,W101,323.220,kW
2026-03-02 11:45:00,T102,66.206,degC
2026-03-02 11:45:00,P102,595.076,kPa
2026-03-02 11:45:00,S102,2987.237,rpm
2026-03-02 11:50:00,T101,74.588,degC
2026-03-02 11:50:00,P101,6.122,bar
2026-03-02 11:50:00,W101,326.803,kW
2026-03-02 11:50:00,T102,64.174,degC
2026-03-02 11:50:00,P102,609.024,kPa
2026-03-02 11:50:00,S102,2975.625,rpm
2026-03-02 11:55:00,T101,70.147,degC
2026-03-02 11:55:00,P101,6.332,bar
2026-03-02 11:55:00,W101,315.164,kW
2026-03-02 11:55:00,T102,66.456,degC
2026-03-02 11:55:00,P102,609.071,kPa
2026-03-02 11:55:00,S102,2953.995,rpm
2026-03-02 12:00:00,T101,71.841,degC
2026-03-02 12:00:00,P101,6.340,bar
2026-03-02 12:00:00,W101,344.456,kW
2026-03-02 12:00:00,T102,67.026,degC
2026-03-02 12:00:00,P102,583.356,kPa
2026-03-02 12:00:00,S102,2931.899,rpm
2026-03-02 12:05:00,T101,69.981,degC
2026-03-02 12:05:00,P101,6.308,bar
2026-03-02 12:05:00,W101,319.749,kW
2026-03-02 12:05:00,T102,67.917,degC
2026-03-02 12:05:00,P102,611.377,kPa
2026-03-02 12:05:00,S102,2974.438,rpm
2026-03-02 12:10:00,T101,70.551,degC
2026-03-02 12:10:00,P101,6.229,bar
2026-03-02 12:10:00,W101,347.491,kW
2026-03-02 12:10:00,T102,64.152,degC
2026-03-02 12:10:00,P102,606.584,kPa
2026-03-02 12:10:00,S102,2981.148,rpm
2026-03-02 12:15:00,T101,73.900,degC
2026-03-02 12:15:00,P101,6.287,bar
2026-03-02 12:15:00,W101,363.656,kW
2026-03-02 12:15:00,T102,62.665,degC
2026-03-02 12:15:00,P102,614.369,kPa
2026-03-02 12:15:00,S102,2942.373,rpm
2026-03-02 12:20:00,T101,74.136,degC
2026-03-02 12:20:00,P101,6.366,bar
2026-03-02 12:20:00,W101,354.033,kW
2026-03-02 12:20:00,T102,64.284,degC
2026-03-02 12:20:00,P102,618.423,kPa
2026-03-02 12:20:00,S102,2971.605,rpm
2026-03-02 12:25:00,T101,73.946,degC
2026-03-02 12:25:00,P101,6.061,bar
2026-03-02 12:25:00,W101,331.801,kW
2026-03-02 12:25:00,T102,65.294,degC
2026-03-02 12:25:00,P102,630.923,kPa
2026-03-02 12:25:00,S102,2962.406,rpm
2026-03-02 12:30:00,T101,74.064,degC
2026-03-02 12:30:00,P101,5.907,bar
2026-03-02 12:30:00,W101,336.740,kW
2026-03-02 12:30:00,T102,65.599,degC
2026-03-02 12:30:00,P102,614.044,kPa
2026-03-02 12:30:00,S102,2912.174,rpm
2026-03-02 12:35:00,T101,73.651,degC
2026-03-02 12:35:00,P101,6.252,bar
2026-03-02 12:35:00,W101,334.402,kW
2026-03-02 12:35:00,T102,66.437,degC
2026-03-02 12:35:00,P102,584.061,kPa
2026-03-02 12:35:00,S102,2939.774,rpm
2026-03-02 12:40:00,T101,73.326,degC
2026-03-02 12:40:00,P101,6.256,bar
2026-03-02 12:40:00,W101,337.304,kW
2026-03-02 12:40:00,T102,64.815,degC
2026-03-02 12:40:00,P102,606.497,kPa
2026-03-02 12:40:00,S102,2967.345,rpm
2026-03-02 12:45:00,T101,71.544,degC
2026-03-02 12:45:00,P101,6.302,bar
2026-03-02 12:45:00,W101,314.955,kW
2026-03-02 12:45:00,T102,66.475,degC
2026-03-02 12:45:00,P102,646.623,kPa
2026-03-02 12:45:00,S102,2959.993,rpm
2026-03-02 12:50:00,T101,71.870,degC
2026-03-02 12:50:00,P101,6.120,bar
2026-03-02 12:50:00,W101,348.397,kW
2026-03-02 12:50:00,T102,64.220,degC
2026-03-02 12:50:00,P102,597.719,kPa
2026-03-02 12:50:00,S102,2907.422,rpm
2026-03-02 12:55:00,T101,72.364,degC
2026-03-02 12:55:00,P101,6.156,bar
2026-03-02 12:55:00,W101,337.168,kW
2026-03-02 12:55:00,T102,64.997,degC
2026-03-02 12:55:00,P102,599.378,kPa
2026-03-02 12:55:00,S102,2953.747,rpm
2026-03-02 13:00:00,T101,70.380,degC
2026-03-02 13:00:00,P101,6.183,bar
2026-03-02 13:00:00,W101,336.623,kW
2026-03-02 13:00:00,T102,62.950,degC
2026-03-02 13:00:00,P102,591.820,kPa
2026-03-02 13:00:00,S102,2938.150,rpm
2026-03-02 13:05:00,T101,71.156,degC
2026-03-02 13:05:00,P101,6.239,bar
2026-03-02 13:05:00,W101,335.140,kW
2026-03-02 13:05:00,T102,64.939,degC
2026-03-02 13:05:00,P102,603.868,kPa
2026-03-02 13:05:00,S102,2898.197,rpm
2026-03-02 13:10:00,T101,71.815,degC
2026-03-02 13:10:00,P101,6.074,bar
2026-03-02 13:10:00,W101,338.082,kW
2026-03-02 13:10:00,T102,64.081,degC
2026-03-02 13:10:00,P102,619.835,kPa
2026-03-02 13:10:00,S102,2949.082,rpm
2026-03-02 13:15:00,T101,73.062,degC
2026-03-02 13:15:00,P101,6.317,bar
2026-03-02 13:15:00,W101,333.200,kW
2026-03-02 13:15:00,T102,65.978,degC
2026-03-02 13:15:00,P102,613.431,kPa
2026-03-02 13:15:00,S102,2928.841,rpm
2026-03-02 13:20:00,T101,71.826,degC
2026-03-02 13:20:00,P101,6.214,bar
2026-03-02 13:20:00,W101,355.239,kW
2026-03-02 13:20:00,T102,64.582,degC
2026-03-02 13:20:00,P102,633.563,kPa
2026-03-02 13:20:00,S102,2965.398,rpm
2026-03-02 13:25:00,T101,68.829,degC
2026-03-02 13:25:00,P101,6.045,bar
2026-03-02 13:25:00,W101,347.039,kW
2026-03-02 13:25:00,T102,63.254,degC
2026-03-02 13:25:00,P102,617.143,kPa
2026-03-02 13:25:00,S102,2977.652,rpm
2026-03-02 13:30:00,T101,71.598,degC
2026-03-02 13:30:00,P101,6.411,bar
2026-03-02 13:30:00,W101,355.887,kW
2026-03-02 13:30:00,T102,64.932,degC
2026-03-02 13:30:00,P102,609.500,kPa
2026-03-02 13:30:00,S102,2953.625,rpm
2026-03-02 13:35:00,T101,72.667,degC
2026-03-02 13:35:00,P101,5.966,bar
2026-03-02 13:35:00,W101,338.261,kW
2026-03-02 13:35:00,T102,62.992,degC
2026-03-02 13:35:00,P102,604.823,kPa
2026-03-02 13:35:00,S102,2945.612,rpm
2026-03-02 13:40:00,T101,69.274,degC
2026-03-02 13:40:00,P101,6.010,bar
2026-03-02 13:40:00,W101,335.223,kW
2026-03-02 13:40:00,T102,67.592,degC
2026-03-02 13:40:00,P102,589.199,kPa
2026-03-02 13:40:00,S102,2952.491,rpm
2026-03-02 13:45:00,T101,70.660,degC
2026-03-02 13:45:00,P101,6.144,bar
2026-03-02 13:45:00,W101,351.822,kW
2026-03-02 13:45:00,T102,65.373,degC
2026-03-02 13:45:00,P102,616.387,kPa
2026-03-02 13:45:00,S102,2959.775,rpm
2026-03-02 13:50:00,T101,72.863,degC
2026-03-02 13:50:00,P101,5.876,bar
2026-03-02 13:50:00,W101,344.633,kW
2026-03-02 13:50:00,T102,64.898,degC
2026-03-02 13:50:00,P102,615.962,kPa
2026-03-02 13:50:00,S102,2966.728,rpm
2026-03-02 13:55:00,T101,72.623,degC
2026-03-02 13:55:00,P101,6.304,bar
2026-03-02 13:55:00,W101,325.943,kW
2026-03-02 13:55:00,T102,65.537,degC
2026-03-02 13:55:00,P102,608.361,kPa
2026-03-02 13:55:00,S102,2948.270,rpm
2026-03-02 14:00:00,T101,73.950,degC
2026-03-02 14:00:00,P101,6.127,bar
2026-03-02 14:00:00,W101,332.001,kW
2026-03-02 14:00:00,T102,63.424,degC
2026-03-02 14:00:00,P102,605.566,kPa
2026-03-02 14:00:00,S102,2971.414,rpm
2026-03-02 14:05:00,T101,69.498,degC
2026-03-02 14:05:00,P101,6.238,bar
2026-03-02 14:05:00,W101,309.607,kW
2026-03-02 14:05:00,T102,64.172,degC
2026-03-02 14:05:00,P102,616.562,kPa
2026-03-02 14:05:00,S102,2939.229,rpm
2026-03-02 14:10:00,T101,70.197,degC
2026-03-02 14:10:00,P101,6.145,bar
2026-03-02 14:10:00,W101,351.869,kW
2026-03-02 14:10:00,T102,66.790,degC
2026-03-02 14:10:00,P102,632.683,kPa
2026-03-02 14:10:00,S102,2963.646,rpm
2026-03-02 14:15:00,T101,72.541,degC
2026-03-02 14:15:00,P101,6.348,bar
2026-03-02 14:15:00,W101,326.124,kW
2026-03-02 14:15:00,T102,63.837,degC
2026-03-02 14:15:00,P102,629.373,kPa
2026-03-02 14:15:00,S102,2967.125,rpm
2026-03-02 14:20:00,T101,73.313,degC
2026-03-02 14:20:00,P101,6.233,bar
2026-03-02 14:20:00,W101,330.100,kW
2026-03-02 14:20:00,T102,63.704,degC
2026-03-02 14:20:00,P102,624.071,kPa
2026-03-02 14:20:00,S102,2971.657,rpm
2026-03-02 14:25:00,T101,70.319,degC
2026-03-02 14:25:00,P101,6.089,bar
2026-03-02 14:25:00,W101,338.765,kW
2026-03-02 14:25:00,T102,66.050,degC
2026-03-02 14:25:00,P102,604.892,kPa
2026-03-02 14:25:00,S102,2932.955,rpm
2026-03-02 14:30:00,T101,73.483,degC
2026-03-02 14:30:00,P101,6.290,bar
2026-03-02 14:30:00,W101,331.669,kW
2026-03-02 14:30:00,T102,64.209,degC
2026-03-02 14:30:00,P102,626.650,kPa
2026-03-02 14:30:00,S102,2924.383,rpm
2026-03-02 14:35:00,T101,71.561,degC
2026-03-02 14:35:00,P101,6.267,bar
2026-03-02 14:35:00,W101,341.973,kW
2026-03-02 14:35:00,T102,66.115,degC
2026-03-02 14:35:00,P102,584.335,kPa
2026-03-02 14:35:00,S102,2950.352,rpm
2026-03-02 14:40:00,T101,72.452,degC
2026-03-02 14:40:00,P101,6.250,bar
2026-03-02 14:40:00,W101,346.923,kW
2026-03-02 14:40:00,T102,63.600,degC
2026-03-02 14:40:00,P102,631.677,kPa
2026-03-02 14:40:00,S102,2959.081,rpm
2026-03-02 14:45:00,T101,72.841,degC
2026-03-02 14:45:00,P101,6.113,bar
2026-03-02 14:45:00,W101,342.169,kW
2026-03-02 14:45:00,T102,66.597,degC
2026-03-02 14:45:00,P102,609.772,kPa
2026-03-02 14:45:00,S102,2953.907,rpm
2026-03-02 14:50:00,T101,72.475,degC
2026-03-02 14:50:00,P101,5.955,bar
2026-03-02 14:50:00,W101,337.929,kW
2026-03-02 14:50:00,T102,65.832,degC
2026-03-02 14:50:00,P102,602.672,kPa
2026-03-02 14:50:00,S102,2949.157,rpm
2026-03-02 14:55:00,T101,71.951,degC
2026-03-02 14:55:00,P101,5.963,bar
2026-03-02 14:55:00,W101,349.652,kW
2026-03-02 14:55:00,T102,63.375,degC
2026-03-02 14:55:00,P102,616.340,kPa
2026-03-02 14:55:00,S102,2947.328,rpm
2026-03-02 15:00:00,T101,71.488,degC
2026-03-02 15:00:00,P101,6.210,bar
2026-03-02 15:00:00,W101,349.044,kW
2026-03-02 15:00:00,T102,65.976,degC
2026-03-02 15:00:00,P102,603.545,kPa
2026-03-02 15:00:00,S102,2946.711,rpm
2026-03-02 15:05:00,T101,70.711,degC
2026-03-02 15:05:00,P101,5.981,bar
2026-03-02 15:05:00,W101,351.411,kW
2026-03-02 15:05:00,T102,63.683,degC
2026-03-02 15:05:00,P102,598.970,kPa
2026-03-02 15:05:00,S102,2957.588,rpm
2026-03-02 15:10:00,T101,69.978,degC
2026-03-02 15:10:00,P101,6.272,bar
2026-03-02 15:10:00,W101,329.875,kW
2026-03-02 15:10:00,T102,63.636,degC
2026-03-02 15:10:00,P102,601.290,kPa
2026-03-02 15:10:00,S102,2932.979,rpm
2026-03-02 15:15:00,T101,72.354,degC
2026-03-02 15:15:00,P101,6.413,bar
2026-03-02 15:15:00,W101,348.089,kW
2026-03-02 15:15:00,T102,65.558,degC
2026-03-02 15:15:00,P102,600.770,kPa
2026-03-02 15:15:00,S102,2945.177,rpm
2026-03-02 15:20:00,T101,72.139,degC
2026-03-02 15:20:00,P101,6.189,bar
2026-03-02 15:20:00,W101,341.495,kW
2026-03-02 15:20:00,T102,63.534,degC
2026-03-02 15:20:00,P102,636.091,kPa
2026-03-02 15:20:00,S102,2922.584,rpm
2026-03-02 15:25:00,T101,71.723,degC
2026-03-02 15:25:00,P101,6.318,bar
2026-03-02 15:25:00,W101,330.546,kW
2026-03-02 15:25:00,T102,66.208,degC
2026-03-02 15:25:00,P102,588.165,kPa
2026-03-02 15:25:00,S102,2934.216,rpm
2026-03-02 15:30:00,T101,68.403,degC
2026-03-02 15:30:00,P101,6.348,bar
2026-03-02 15:30:00,W101,325.073,kW
2026-03-02 15:30:00,T102,64.107,degC
2026-03-02 15:30:00,P102,620.681,kPa
2026-03-02 15:30:00,S102,2955.765,rpm
2026-03-02 15:35:00,T101,73.510,degC
2026-03-02 15:35:00,P101,6.288,bar
2026-03-02 15:35:00,W101,349.983,kW
2026-03-02 15:35:00,T102,64.351,degC
2026-03-02 15:35:00,P102,607.804,kPa
2026-03-02 15:35:00,S102,2963.550,rpm
2026-03-02 15:40:00,T101,73.036,degC
2026-03-02 15:40:00,P101,6.333,bar
2026-03-02 15:40:00,W101,330.064,kW
2026-03-02 15:40:00,T102,63.610,degC
2026-03-02 15:40:00,P102,590.240,kPa
2026-03-02 15:40:00,S102,2939.281,rpm
2026-03-02 15:45:00,T101,71.754,degC
2026-03-02 15:45:00,P101,6.012,bar
2026-03-02 15:45:00,W101,337.036,kW
2026-03-02 15:45:00,T102,65.682,degC
2026-03-02 15:45:00,P102,623.886,kPa
2026-03-02 15:45:00,S102,2936.991,rpm
2026-03-02 15:50:00,T101,72.757,degC
2026-03-02 15:50:00,P101,5.999,bar
2026-03-02 15:50:00,W101,331.319,kW
2026-03-02 15:50:00,T102,65.052,degC
2026-03-02 15:50:00,P102,599.364,kPa
2026-03-02 15:50:00,S102,2933.157,rpm
2026-03-02 15:55:00,T101,72.307,degC
2026-03-02 15:55:00,P101,6.042,bar
2026-03-02 15:55:00,W101,340.565,kW
2026-03-02 15:55:00,T102,64.795,degC
2026-03-02 15:55:00,P102,616.667,kPa
2026-03-02 15:55:00,S102,2963.806,rpm
2026-03-02 16:00:00,T101,72.103,degC
2026-03-02 16:00:00,P101,6.116,bar
2026-03-02 16:00:00,W101,351.310,kW
2026-03-02 16:00:00,T102,65.157,degC
2026-03-02 16:00:00,P102,595.811,kPa
2026-03-02 16:00:00,S102,2952.128,rpm
2026-03-02 16:05:00,T101,70.982,degC
2026-03-02 16:05:00,P101,5.811,bar
2026-03-02 16:05:00,W101,327.695,kW
2026-03-02 16:05:00,T102,64.465,degC
2026-03-02 16:05:00,P102,602.131,kPa
2026-03-02 16:05:00,S102,2917.902,rpm
2026-03-02 16:10:00,T101,71.375,degC
2026-03-02 16:10:00,P101,6.254,bar
2026-03-02 16:10:00,W101,325.519,kW
2026-03-02 16:10:00,T102,65.228,degC
2026-03-02 16:10:00,P102,578.596,kPa
2026-03-02 16:10:00,S102,2958.761,rpm
2026-03-02 16:15:00,T101,71.050,degC
2026-03-02 16:15:00,P101,5.989,bar
2026-03-02 16:15:00,W101,352.487,kW
2026-03-02 16:15:00,T102,65.476,degC
2026-03-02 16:15:00,P102,623.207,kPa
2026-03-02 16:15:00,S102,2954.818,rpm
2026-03-02 16:20:00,T101,72.416,degC
2026-03-02 16:20:00,P101,6.132,bar
2026-03-02 16:20:00,W101,344.223,kW
2026-03-02 16:20:00,T102,64.815,degC
2026-03-02 16:20:00,P102,599.371,kPa
2026-03-02 16:20:00,S102,2944.812,rpm
2026-03-02 16:25:00,T101,69.984,degC
2026-03-02 16:25:00,P101,6.185,bar
2026-03-02 16:25:00,W101,344.408,kW
2026-03-02 16:25:00,T102,65.063,degC
2026-03-02 16:25:00,P102,617.409,kPa
2026-03-02 16:25:00,S102,2942.366,rpm
2026-03-02 16:30:00,T101,71.941,degC
2026-03-02 16:30:00,P101,6.193,bar
2026-03-02 16:30:00,W101,362.188,kW
2026-03-02 16:30:00,T102,63.359,degC
2026-03-02 16:30:00,P102,639.059,kPa
2026-03-02 16:30:00,S102,2934.059,rpm
2026-03-02 16:35:00,T101,71.392,degC
2026-03-02 16:35:00,P101,6.231,bar
2026-03-02 16:35:00,W101,346.062,kW
2026-03-02 16:35:00,T102,64.883,degC
2026-03-02 16:35:00,P102,612.251,kPa
2026-03-02 16:35:00,S102,2976.263,rpm
2026-03-02 16:40:00,T101,75.769,degC
2026-03-02 16:40:00,P101,6.251,bar
2026-03-02 16:40:00,W101,347.481,kW
2026-03-02 16:40:00,T102,64.801,degC
2026-03-02 16:40:00,P102,633.689,kPa
2026-03-02 16:40:00,S102,2946.416,rpm
2026-03-02 16:45:00,T101,72.657,degC
2026-03-02 16:45:00,P101,6.035,bar
2026-03-02 16:45:00,W101,307.579,kW
2026-03-02 16:45:00,T102,67.621,degC
2026-03-02 16:45:00,P102,624.891,kPa
2026-03-02 16:45:00,S102,2966.883,rpm
2026-03-02 16:50:00,T101,70.521,degC
2026-03-02 16:50:00,P101,5.948,bar
2026-03-02 16:50:00,W101,336.418,kW
2026-03-02 16:50:00,T102,65.064,degC
2026-03-02 16:50:00,P102,619.774,kPa
2026-03-02 16:50:00,S102,2948.976,rpm
2026-03-02 16:55:00,T101,73.808,degC
2026-03-02 16:55:00,P101,6.242,bar
2026-03-02 16:55:00,W101,342.936,kW
2026-03-02 16:55:00,T102,66.307,degC
2026-03-02 16:55:00,P102,599.168,kPa
2026-03-02 16:55:00,S102,2956.393,rpm
2026-03-02 17:00:00,T101,71.084,degC
2026-03-02 17:00:00,P101,6.091,bar
2026-03-02 17:00:00,W101,357.226,kW
2026-03-02 17:00:00,T102,66.225,degC
2026-03-02 17:00:00,P102,617.050,kPa
2026-03-02 17:00:00,S102,2974.702,rpm
2026-03-02 17:05:00,T101,72.468,degC
2026-03-02 17:05:00,P101,6.392,bar
2026-03-02 17:05:00,W101,329.259,kW
2026-03-02 17:05:00,T102,64.757,degC
2026-03-02 17:05:00,P102,614.828,kPa
2026-03-02 17:05:00,S102,2928.963,rpm
2026-03-02 17:10:00,T101,70.920,degC
2026-03-02 17:10:00,P101,6.008,bar
2026-03-02 17:10:00,W101,347.381,kW
2026-03-02 17:10:00,T102,64.385,degC
2026-03-02 17:10:00,P102,613.184,kPa
2026-03-02 17:10:00,S102,2959.291,rpm
2026-03-02 17:15:00,T101,71.686,degC
2026-03-02 17:15:00,P101,6.195,bar
2026-03-02 17:15:00,W101,340.997,kW
2026-03-02 17:15:00,T102,65.441,degC
2026-03-02 17:15:00,P102,629.094,kPa
2026-03-02 17:15:00,S102,2927.262,rpm
2026-03-02 17:20:00,T101,72.055,degC
2026-03-02 17:20:00,P101,6.015,bar
2026-03-02 17:20:00,W101,356.524,kW
2026-03-02 17:20:00,T102,62.771,degC
2026-03-02 17:20:00,P102,611.688,kPa
2026-03-02 17:20:00,S102,2940.749,rpm
2026-03-02 17:25:00,T101,71.073,degC
2026-03-02 17:25:00,P101,6.298,bar
2026-03-02 17:25:00,W101,345.657,kW
2026-03-02 17:25:00,T102,63.805,degC
2026-03-02 17:25:00,P102,616.058,kPa
2026-03-02 17:25:00,S102,2954.614,rpm
2026-03-02 17:30:00,T101,70.818,degC
2026-03-02 17:30:00,P101,5.977,bar
2026-03-02 17:30:00,W101,348.711,kW
2026-03-02 17:30:00,T102,65.757,degC
2026-03-02 17:30:00,P102,616.834,kPa
2026-03-02 17:30:00,S102,2938.504,rpm
2026-03-02 17:35:00,T101,73.707,degC
2026-03-02 17:35:00,P101,6.700,bar
2026-03-02 17:35:00,W101,341.201,kW
2026-03-02 17:35:00,T102,65.557,degC
2026-03-02 17:35:00,P102,597.017,kPa
2026-03-02 17:35:00,S102,2932.859,rpm
2026-03-02 17:40:00,T101,74.505,degC
2026-03-02 17:40:00,P101,6.527,bar
2026-03-02 17:40:00,W101,336.293,kW
2026-03-02 17:40:00,T102,64.144,degC
2026-03-02 17:40:00,P102,595.339,kPa
2026-03-02 17:40:00,S102,2936.576,rpm
2026-03-02 17:45:00,T101,71.974,degC
2026-03-02 17:45:00,P101,6.004,bar
2026-03-02 17:45:00,W101,330.713,kW
2026-03-02 17:45:00,T102,66.036,degC
2026-03-02 17:45:00,P102,606.375,kPa
2026-03-02 17:45:00,S102,2932.965,rpm
2026-03-02 17:50:00,T101,70.136,degC
2026-03-02 17:50:00,P101,6.347,bar
2026-03-02 17:50:00,W101,326.555,kW
2026-03-02 17:50:00,T102,64.731,degC
2026-03-02 17:50:00,P102,623.633,kPa
2026-03-02 17:50:00,S102,2959.027,rpm
2026-03-02 17:55:00,T101,72.308,degC
2026-03-02 17:55:00,P101,6.232,bar
2026-03-02 17:55:00,W101,327.704,kW
2026-03-02 17:55:00,T102,64.041,degC
2026-03-02 17:55:00,P102,601.823,kPa
2026-03-02 17:55:00,S102,2891.308,rpm
2026-03-02 18:00:00,T101,71.254,degC
2026-03-02 18:00:00,P101,6.173,bar
2026-03-02 18:00:00,W101,338.009,kW
2026-03-02 18:00:00,T102,64.753,degC
2026-03-02 18:00:00,P102,611.796,kPa
2026-03-02 18:00:00,S102,2953.705,rpm
2026-03-02 18:05:00,T101,74.313,degC
2026-03-02 18:05:00,P101,6.211,bar
2026-03-02 18:05:00,W101,349.209,kW
2026-03-02 18:05:00,T102,64.195,degC
2026-03-02 18:05:00,P102,613.684,kPa
2026-03-02 18:05:00,S102,2954.232,rpm
2026-03-02 18:10:00,T101,71.546,degC
2026-03-02 18:10:00,P101,5.934,bar
2026-03-02 18:10:00,W101,323.053,kW
2026-03-02 18:10:00,T102,65.449,degC
2026-03-02 18:10:00,P102,608.148,kPa
2026-03-02 18:10:00,S102,2943.674,rpm
2026-03-02 18:15:00,T101,70.881,degC
2026-03-02 18:15:00,P101,6.203,bar
2026-03-02 18:15:00,W101,346.020,kW
2026-03-02 18:15:00,T102,67.143,degC
2026-03-02 18:15:00,P102,608.838,kPa
2026-03-02 18:15:00,S102,2945.279,rpm
2026-03-02 18:20:00,T101,72.317,degC
2026-03-02 18:20:00,P101,6.365,bar
2026-03-02 18:20:00,W101,366.914,kW
2026-03-02 18:20:00,T102,65.605,degC
2026-03-02 18:20:00,P102,587.711,kPa
2026-03-02 18:20:00,S102,2949.488,rpm
2026-03-02 18:25:00,T101,70.228,degC
2026-03-02 18:25:00,P101,6.049,bar
2026-03-02 18:25:00,W101,361.088,kW
2026-03-02 18:25:00,T102,64.529,degC
2026-03-02 18:25:00,P102,598.650,kPa
2026-03-02 18:25:00,S102,2976.502,rpm
2026-03-02 18:30:00,T101,72.056,degC
2026-03-02 18:30:00,P101,6.025,bar
2026-03-02 18:30:00,W101,340.273,kW
2026-03-02 18:30:00,T102,63.287,degC
2026-03-02 18:30:00,P102,596.629,kPa
2026-03-02 18:30:00,S102,2953.072,rpm
2026-03-02 18:35:00,T101,68.138,degC
2026-03-02 18:35:00,P101,6.302,bar
2026-03-02 18:35:00,W101,342.688,kW
2026-03-02 18:35:00,T102,65.973,degC
2026-03-02 18:35:00,P102,603.742,kPa
2026-03-02 18:35:00,S102,2957.903,rpm
2026-03-02 18:40:00,T101,70.484,degC
2026-03-02 18:40:00,P101,6.058,bar
2026-03-02 18:40:00,W101,340.956,kW
2026-03-02 18:40:00,T102,65.006,degC
2026-03-02 18:40:00,P102,609.532,kPa
2026-03-02 18:40:00,S102,2976.546,rpm
2026-03-02 18:45:00,T101,71.559,degC
2026-03-02 18:45:00,P101,6.264,bar
2026-03-02 18:45:00,W101,343.881,kW
2026-03-02 18:45:00,T102,65.166,degC
2026-03-02 18:45:00,P102,615.883,kPa
2026-03-02 18:45:00,S102,2915.014,rpm
2026-03-02 18:50:00,T101,71.141,degC
2026-03-02 18:50:00,P101,6.362,bar
2026-03-02 18:50:00,W101,336.256,kW
2026-03-02 18:50:00,T102,65.814,degC
2026-03-02 18:50:00,P102,616.785,kPa
2026-03-02 18:50:00,S102,2888.824,rpm
2026-03-02 18:55:00,T101,70.009,degC
2026-03-02 18:55:00,P101,6.097,bar
2026-03-02 18:55:00,W101,331.611,kW
2026-03-02 18:55:00,T102,64.439,degC
2026-03-02 18:55:00,P102,603.239,kPa
2026-03-02 18:55:00,S102,2933.331,rpm
2026-03-02 19:00:00,T101,70.972,degC
2026-03-02 19:00:00,P101,5.904,bar
2026-03-02 19:00:00,W101,362.995,kW
2026-03-02 19:00:00,T102,66.640,degC
2026-03-02 19:00:00,P102,622.778,kPa
2026-03-02 19:00:00,S102,2947.861,rpm
2026-03-02 19:05:00,T101,70.599,degC
2026-03-02 19:05:00,P101,6.562,bar
2026-03-02 19:05:00,W101,328.399,kW
2026-03-02 19:05:00,T102,66.686,degC
2026-03-02 19:05:00,P102,614.249,kPa
2026-03-02 19:05:00,S102,2931.255,rpm
2026-03-02 19:10:00,T101,70.736,degC
2026-03-02 19:10:00,P101,6.133,bar
2026-03-02 19:10:00,W101,332.179,kW
2026-03-02 19:10:00,T102,63.270,degC
2026-03-02 19:10:00,P102,615.947,kPa
2026-03-02 19:10:00,S102,2931.076,rpm
2026-03-02 19:15:00,T101,73.102,degC
2026-03-02 19:15:00,P101,6.169,bar
2026-03-02 19:15:00,W101,341.367,kW
2026-03-02 19:15:00,T102,65.105,degC
2026-03-02 19:15:00,P102,603.753,kPa
2026-03-02 19:15:00,S102,2947.472,rpm
2026-03-02 19:20:00,T101,72.216,degC
2026-03-02 19:20:00,P101,6.542,bar
2026-03-02 19:20:00,W101,324.217,kW
2026-03-02 19:20:00,T102,64.120,degC
2026-03-02 19:20:00,P102,603.722,kPa
2026-03-02 19:20:00,S102,2924.171,rpm
2026-03-02 19:25:00,T101,69.948,degC
2026-03-02 19:25:00,P101,5.962,bar
2026-03-02 19:25:00,W101,338.749,kW
2026-03-02 19:25:00,T102,64.299,degC
2026-03-02 19:25:00,P102,611.765,kPa
2026-03-02 19:25:00,S102,2920.393,rpm
2026-03-02 19:30:00,T101,70.582,degC
2026-03-02 19:30:00,P101,6.329,bar
2026-03-02 19:30:00,W101,348.344,kW
2026-03-02 19:30:00,T102,63.060,degC
2026-03-02 19:30:00,P102,621.515,kPa
2026-03-02 19:30:00,S102,2937.829,rpm
2026-03-02 19:35:00,T101,70.246,degC
2026-03-02 19:35:00,P101,6.300,bar
2026-03-02 19:35:00,W101,350.014,kW
2026-03-02 19:35:00,T102,61.931,degC
2026-03-02 19:35:00,P102,621.924,kPa
2026-03-02 19:35:00,S102,2938.564,rpm
2026-03-02 19:40:00,T101,71.100,degC
2026-03-02 19:40:00,P101,6.132,bar
2026-03-02 19:40:00,W101,351.843,kW
2026-03-02 19:40:00,T102,66.404,degC
2026-03-02 19:40:00,P102,613.626,kPa
2026-03-02 19:40:00,S102,2963.603,rpm
2026-03-02 19:45:00,T101,75.036,degC
2026-03-02 19:45:00,P101,6.181,bar
2026-03-02 19:45:00,W101,326.536,kW
2026-03-02 19:45:00,T102,65.496,degC
2026-03-02 19:45:00,P102,618.895,kPa
2026-03-02 19:45:00,S102,2944.668,rpm
2026-03-02 19:50:00,T101,71.550,degC
2026-03-02 19:50:00,P101,6.505,bar
2026-03-02 19:50:00,W101,335.638,kW
2026-03-02 19:50:00,T102,63.803,degC
2026-03-02 19:50:00,P102,568.230,kPa
2026-03-02 19:50:00,S102,2964.286,rpm
2026-03-02 19:55:00,T101,73.753,degC
2026-03-02 19:55:00,P101,6.010,bar
2026-03-02 19:55:00,W101,345.778,kW
2026-03-02 19:55:00,T102,64.476,degC
2026-03-02 19:55:00,P102,609.535,kPa
2026-03-02 19:55:00,S102,2936.343,rpm
2026-03-02 20:00:00,T101,71.843,degC
2026-03-02 20:00:00,P101,6.316,bar
2026-03-02 20:00:00,W101,332.805,kW
2026-03-02 20:00:00,T102,64.080,degC
2026-03-02 20:00:00,P102,593.560,kPa
2026-03-02 20:00:00,S102,2970.707,rpm
2026-03-02 20:05:00,T101,70.620,degC
2026-03-02 20:05:00,P101,6.280,bar
2026-03-02 20:05:00,W101,324.052,kW
2026-03-02 20:05:00,T102,62.343,degC
2026-03-02 20:05:00,P102,600.300,kPa
2026-03-02 20:05:00,S102,2952.956,rpm
2026-03-02 20:10:00,T101,73.493,degC
2026-03-02 20:10:00,P101,6.306,bar
2026-03-02 20:10:00,W101,342.824,kW
2026-03-02 20:10:00,T102,61.914,degC
2026-03-02 20:10:00,P102,615.927,kPa
2026-03-02 20:10:00,S102,2918.814,rpm
2026-03-02 20:15:00,T101,70.829,degC
2026-03-02 20:15:00,P101,6.455,bar
2026-03-02 20:15:00,W101,350.999,kW
2026-03-02 20:15:00,T102,63.610,degC
2026-03-02 20:15:00,P102,603.608,kPa
2026-03-02 20:15:00,S102,2964.109,rpm
2026-03-02 20:20:00,T101,71.662,degC
2026-03-02 20:20:00,P101,6.156,bar
2026-03-02 20:20:00,W101,325.644,kW
2026-03-02 20:20:00,T102,65.551,degC
2026-03-02 20:20:00,P102,618.891,kPa
2026-03-02 20:20:00,S102,2932.599,rpm
2026-03-02 20:25:00,T101,68.855,degC
2026-03-02 20:25:00,P101,6.459,bar
2026-03-02 20:25:00,W101,330.742,kW
2026-03-02 20:25:00,T102,65.414,degC
2026-03-02 20:25:00,P102,596.160,kPa
2026-03-02 20:25:00,S102,2933.755,rpm
2026-03-02 20:30:00,T101,73.328,degC
2026-03-02 20:30:00,P101,6.142,bar
2026-03-02 20:30:00,W101,348.426,kW
2026-03-02 20:30:00,T102,65.871,degC
2026-03-02 20:30:00,P102,601.331,kPa
2026-03-02 20:30:00,S102,2954.561,rpm
2026-03-02 20:35:00,T101,73.061,degC
2026-03-02 20:35:00,P101,6.376,bar
2026-03-02 20:35:00,W101,336.054,kW
2026-03-02 20:35:00,T102,64.938,degC
2026-03-02 20:35:00,P102,595.047,kPa
2026-03-02 20:35:00,S102,2964.407,rpm
2026-03-02 20:40:00,T101,72.063,degC
2026-03-02 20:40:00,P101,5.992,bar
2026-03-02 20:40:00,W101,335.138,kW
2026-03-02 20:40:00,T102,64.796,degC
2026-03-02 20:40:00,P102,600.370,kPa
2026-03-02 20:40:00,S102,2934.571,rpm
2026-03-02 20:45:00,T101,69.477,degC
2026-03-02 20:45:00,P101,6.207,bar
2026-03-02 20:45:00,W101,334.306,kW
2026-03-02 20:45:00,T102,66.035,degC
2026-03-02 20:45:00,P102,607.695,kPa
2026-03-02 20:45:00,S102,2965.712,rpm
2026-03-02 20:50:00,T101,70.143,degC
2026-03-02 20:50:00,P101,6.249,bar
2026-03-02 20:50:00,W101,348.120,kW
2026-03-02 20:50:00,T102,65.831,degC
2026-03-02 20:50:00,P102,605.196,kPa
2026-03-02 20:50:00,S102,2931.459,rpm
2026-03-02 20:55:00,T101,74.429,degC
2026-03-02 20:55:00,P101,6.165,bar
2026-03-02 20:55:00,W101,325.267,kW
2026-03-02 20:55:00,T102,64.703,degC
2026-03-02 20:55:00,P102,614.372,kPa
2026-03-02 20:55:00,S102,2935.122,rpm
2026-03-02 21:00:00,T101,72.565,degC
2026-03-02 21:00:00,P101,6.329,bar
2026-03-02 21:00:00,W101,339.122,kW
2026-03-02 21:00:00,T102,66.175,degC
2026-03-02 21:00:00,P102,607.848,kPa
2026-03-02 21:00:00,S102,2940.126,rpm
2026-03-02 21:05:00,T101,74.328,degC
2026-03-02 21:05:00,P101,6.290,bar
2026-03-02 21:05:00,W101,341.027,kW
2026-03-02 21:05:00,T102,62.824,degC
2026-03-02 21:05:00,P102,589.043,kPa
2026-03-02 21:05:00,S102,2916.337,rpm
2026-03-02 21:10:00,T101,71.902,degC
2026-03-02 21:10:00,P101,6.192,bar
2026-03-02 21:10:00,W101,344.658,kW
2026-03-02 21:10:00,T102,66.207,degC
2026-03-02 21:10:00,P102,586.847,kPa
2026-03-02 21:10:00,S102,2922.712,rpm
2026-03-02 21:15:00,T101,70.595,degC
2026-03-02 21:15:00,P101,6.265,bar
2026-03-02 21:15:00,W101,343.160,kW
2026-03-02 21:15:00,T102,63.729,degC
2026-03-02 21:15:00,P102,599.130,kPa
2026-03-02 21:15:00,S102,2957.064,rpm
2026-03-02 21:20:00,T101,72.064,degC
2026-03-02 21:20:00,P101,6.348,bar
2026-03-02 21:20:00,W101,329.981,kW
2026-03-02 21:20:00,T102,64.804,degC
2026-03-02 21:20:00,P102,594.800,kPa
2026-03-02 21:20:00,S102,2972.382,rpm
2026-03-02 21:25:00,T101,73.493,degC
2026-03-02 21:25:00,P101,6.269,bar
2026-03-02 21:25:00,W101,351.347,kW
2026-03-02 21:25:00,T102,66.619,degC
2026-03-02 21:25:00,P102,631.411,kPa
2026-03-02 21:25:00,S102,2983.422,rpm
2026-03-02 21:30:00,T101,70.906,degC
2026-03-02 21:30:00,P101,6.079,bar
2026-03-02 21:30:00,W101,355.220,kW
2026-03-02 21:30:00,T102,64.482,degC
2026-03-02 21:30:00,P102,583.496,kPa
2026-03-02 21:30:00,S102,2940.801,rpm
2026-03-02 21:35:00,T101,73.515,degC
2026-03-02 21:35:00,P101,6.130,bar
2026-03-02 21:35:00,W101,349.071,kW
2026-03-02 21:35:00,T102,65.360,degC
2026-03-02 21:35:00,P102,589.845,kPa
2026-03-02 21:35:00,S102,2958.935,rpm
2026-03-02 21:40:00,T101,72.011,degC
2026-03-02 21:40:00,P101,6.118,bar
2026-03-02 21:40:00,W101,322.853,kW
2026-03-02 21:40:00,T102,66.912,degC
2026-03-02 21:40:00,P102,596.320,kPa
2026-03-02 21:40:00,S102,2909.286,rpm
2026-03-02 21:45:00,T101,73.244,degC
2026-03-02 21:45:00,P101,6.133,bar
2026-03-02 21:45:00,W101,354.159,kW
2026-03-02 21:45:00,T102,64.871,degC
2026-03-02 21:45:00,P102,609.735,kPa
2026-03-02 21:45:00,S102,2961.650,rpm
2026-03-02 21:50:00,T101,72.170,degC
2026-03-02 21:50:00,P101,6.216,bar
2026-03-02 21:50:00,W101,352.929,kW
2026-03-02 21:50:00,T102,63.915,degC
2026-03-02 21:50:00,P102,618.287,kPa
2026-03-02 21:50:00,S102,2955.694,rpm
2026-03-02 21:55:00,T101,69.595,degC
2026-03-02 21:55:00,P101,6.366,bar
2026-03-02 21:55:00,W101,349.192,kW
2026-03-02 21:55:00,T102,66.841,degC
2026-03-02 21:55:00,P102,603.462,kPa
2026-03-02 21:55:00,S102,2928.049,rpm
2026-03-02 22:00:00,T101,76.597,degC
2026-03-02 22:00:00,P101,6.048,bar
2026-03-02 22:00:00,W101,330.493,kW
2026-03-02 22:00:00,T102,65.664,degC
2026-03-02 22:00:00,P102,603.511,kPa
2026-03-02 22:00:00,S102,2958.228,rpm
2026-03-02 22:05:00,T101,70.013,degC
2026-03-02 22:05:00,P101,5.945,bar
2026-03-02 22:05:00,W101,333.433,kW
2026-03-02 22:05:00,T102,65.808,degC
2026-03-02 22:05:00,P102,609.505,kPa
2026-03-02 22:05:00,S102,2973.883,rpm
2026-03-02 22:10:00,T101,71.606,degC
2026-03-02 22:10:00,P101,6.228,bar
2026-03-02 22:10:00,W101,329.117,kW
2026-03-02 22:10:00,T102,63.249,degC
2026-03-02 22:10:00,P102,591.818,kPa
2026-03-02 22:10:00,S102,2934.120,rpm
2026-03-02 22:15:00,T101,74.943,degC
2026-03-02 22:15:00,P101,6.007,bar
2026-03-02 22:15:00,W101,329.430,kW
2026-03-02 22:15:00,T102,66.642,degC
2026-03-02 22:15:00,P102,600.021,kPa
2026-03-02 22:15:00,S102,2961.755,rpm
2026-03-02 22:20:00,T101,68.586,degC
2026-03-02 22:20:00,P101,6.054,bar
2026-03-02 22:20:00,W101,346.125,kW
2026-03-02 22:20:00,T102,62.962,degC
2026-03-02 22:20:00,P102,612.664,kPa
2026-03-02 22:20:00,S102,2950.660,rpm
2026-03-02 22:25:00,T101,71.154,degC
2026-03-02 22:25:00,P101,6.159,bar
2026-03-02 22:25:00,W101,348.422,kW
2026-03-02 22:25:00,T102,64.934,degC
2026-03-02 22:25:00,P102,624.695,kPa
2026-03-02 22:25:00,S102,2965.531,rpm
2026-03-02 22:30:00,T101,74.300,degC
2026-03-02 22:30:00,P101,6.136,bar
2026-03-02 22:30:00,W101,341.981,kW
2026-03-02 22:30:00,T102,63.730,degC
2026-03-02 22:30:00,P102,619.213,kPa
2026-03-02 22:30:00,S102,2935.696,rpm
2026-03-02 22:35:00,T101,72.917,degC
2026-03-02 22:35:00,P101,6.158,bar
2026-03-02 22:35:00,W101,337.892,kW
2026-03-02 22:35:00,T102,65.269,degC
2026-03-02 22:35:00,P102,598.804,kPa
2026-03-02 22:35:00,S102,2936.528,rpm
2026-03-02 22:40:00,T101,71.058,degC
2026-03-02 22:40:00,P101,6.118,bar
2026-03-02 22:40:00,W101,347.363,kW
2026-03-02 22:40:00,T102,64.524,degC
2026-03-02 22:40:00,P102,601.256,kPa
2026-03-02 22:40:00,S102,2966.187,rpm
2026-03-02 22:45:00,T101,73.018,degC
2026-03-02 22:45:00,P101,6.175,bar
2026-03-02 22:45:00,W101,369.361,kW
2026-03-02 22:45:00,T102,63.729,degC
2026-03-02 22:45:00,P102,633.870,kPa
2026-03-02 22:45:00,S102,2954.878,rpm
2026-03-02 22:50:00,T101,73.483,degC
2026-03-02 22:50:00,P101,6.153,bar
2026-03-02 22:50:00,W101,353.807,kW
2026-03-02 22:50:00,T102,63.799,degC
2026-03-02 22:50:00,P102,621.715,kPa
2026-03-02 22:50:00,S102,2954.869,rpm
2026-03-02 22:55:00,T101,73.327,degC
2026-03-02 22:55:00,P101,6.125,bar
2026-03-02 22:55:00,W101,344.879,kW
2026-03-02 22:55:00,T102,64.043,degC
2026-03-02 22:55:00,P102,604.403,kPa
2026-03-02 22:55:00,S102,2944.751,rpm
2026-03-02 23:00:00,T101,71.070,degC
2026-03-02 23:00:00,P101,6.124,bar
2026-03-02 23:00:00,W101,325.165,kW
2026-03-02 23:00:00,T102,64.833,degC
2026-03-02 23:00:00,P102,631.501,kPa
2026-03-02 23:00:00,S102,3006.436,rpm
2026-03-02 23:05:00,T101,70.725,degC
2026-03-02 23:05:00,P101,6.084,bar
2026-03-02 23:05:00,W101,343.859,kW
2026-03-02 23:05:00,T102,65.584,degC
2026-03-02 23:05:00,P102,590.466,kPa
2026-03-02 23:05:00,S102,2903.740,rpm
2026-03-02 23:10:00,T101,72.372,degC
2026-03-02 23:10:00,P101,6.398,bar
2026-03-02 23:10:00,W101,356.906,kW
2026-03-02 23:10:00,T102,64.978,degC
2026-03-02 23:10:00,P102,630.691,kPa
2026-03-02 23:10:00,S102,2946.427,rpm
2026-03-02 23:15:00,T101,69.893,degC
2026-03-02 23:15:00,P101,6.179,bar
2026-03-02 23:15:00,W101,352.294,kW
2026-03-02 23:15:00,T102,65.145,degC
2026-03-02 23:15:00,P102,601.381,kPa
2026-03-02 23:15:00,S102,2950.902,rpm
2026-03-02 23:20:00,T101,72.491,degC
2026-03-02 23:20:00,P101,6.219,bar
2026-03-02 23:20:00,W101,343.535,kW
2026-03-02 23:20:00,T102,65.443,degC
2026-03-02 23:20:00,P102,625.891,kPa
2026-03-02 23:20:00,S102,2952.492,rpm
2026-03-02 23:25:00,T101,71.761,degC
2026-03-02 23:25:00,P101,6.253,bar
2026-03-02 23:25:00,W101,347.002,kW
2026-03-02 23:25:00,T102,62.903,degC
2026-03-02 23:25:00,P102,627.085,kPa
2026-03-02 23:25:00,S102,2983.773,rpm
2026-03-02 23:30:00,T101,72.029,degC
2026-03-02 23:30:00,P101,6.291,bar
2026-03-02 23:30:00,W101,331.071,kW
2026-03-02 23:30:00,T102,65.800,degC
2026-03-02 23:30:00,P102,597.167,kPa
2026-03-02 23:30:00,S102,2953.500,rpm
2026-03-02 23:35:00,T101,72.855,degC
2026-03-02 23:35:00,P101,6.081,bar
2026-03-02 23:35:00,W101,326.656,kW
2026-03-02 23:35:00,T102,64.580,degC
2026-03-02 23:35:00,P102,601.468,kPa
2026-03-02 23:35:00,S102,2943.435,rpm
2026-03-02 23:40:00,T101,70.344,degC
2026-03-02 23:40:00,P101,6.362,bar
2026-03-02 23:40:00,W101,336.689,kW
2026-03-02 23:40:00,T102,65.522,degC
2026-03-02 23:40:00,P102,585.526,kPa
2026-03-02 23:40:00,S102,2938.139,rpm
2026-03-02 23:45:00,T101,74.383,degC
2026-03-02 23:45:00,P101,6.068,bar
2026-03-02 23:45:00,W101,343.338,kW
2026-03-02 23:45:00,T102,67.499,degC
2026-03-02 23:45:00,P102,609.873,kPa
2026-03-02 23:45:00,S102,2979.958,rpm
2026-03-02 23:50:00,T101,70.646,degC
2026-03-02 23:50:00,P101,6.127,bar
2026-03-02 23:50:00,W101,339.194,kW
2026-03-02 23:50:00,T102,64.343,degC
2026-03-02 23:50:00,P102,615.024,kPa
2026-03-02 23:50:00,S102,2914.339,rpm
2026-03-02 23:55:00,T101,70.397,degC
2026-03-02 23:55:00,P101,6.395,bar
2026-03-02 23:55:00,W101,341.333,kW
2026-03-02 23:55:00,T102,65.574,degC
2026-03-02 23:55:00,P102,635.084,kPa
2026-03-02 23:55:00,S102,2914.904,rpm
